{"cameraMode":{"drawMode":0,"name":"Shaded","section":"Shading Mode"},"sceneLighting":false,"audioPlay":false,"sceneViewState":{"showFog":true,"showMaterialUpdate":false,"showSkybox":false,"showFlares":true,"showImageEffects":true,"showParticleSystems":true},"in2DMode":false,"pivot":{"x":-0.06127318739891052,"y":0.9678897857666016,"z":0.3450906574726105},"rotation":{"x":0.24401378631591798,"y":-0.5084062814712524,"z":0.1525803804397583,"w":0.8116874098777771},"size":5.23331880569458,"orthographic":false}